-- Sample data for cybersecurity asset / vulnerability management schema
-- Generated for testing/coursework use. Run against the schema you already created.

PRAGMA foreign_keys = ON;

INSERT INTO "teams" ("id", "name") VALUES
(1, 'IT Security'),
(2, 'Network Engineering'),
(3, 'Cloud Infrastructure'),
(4, 'DevOps'),
(5, 'Software Engineering'),
(6, 'IT Support'),
(7, 'Database Administration'),
(8, 'Compliance & Risk'),
(9, 'Endpoint Management'),
(10, 'Application Security');

INSERT INTO "persons" ("id", "first_name", "last_name", "email", "team_id") VALUES
(1, 'Dennis', 'Becker', 'dennis.becker@technova-systems.de', 1),
(2, 'Jasmin', 'Schwarz', 'jasmin.schwarz@technova-systems.de', 4),
(3, 'Tim', 'Schulz', 'tim.schulz@technova-systems.de', 2),
(4, 'Stefanie', 'Scholz', 'stefanie.scholz@technova-systems.de', 2),
(5, 'Melanie', 'Meier', 'melanie.meier@technova-systems.de', 1),
(6, 'Mia', 'Meyer', 'mia.meyer@technova-systems.de', 4),
(7, 'Tim', 'Peters', 'tim.peters@technova-systems.de', 10),
(8, 'Mia', 'Möller', 'mia.möller@technova-systems.de', 4),
(9, 'Diana', 'Scholz', 'diana.scholz@technova-systems.de', 7),
(10, 'Tim', 'Lehmann', 'tim.lehmann@technova-systems.de', 10),
(11, 'Nina', 'Müller', 'nina.müller@technova-systems.de', 3),
(12, 'Robert', 'Meier', 'robert.meier@technova-systems.de', 6),
(13, 'Nina', 'Hoffmann', 'nina.hoffmann@technova-systems.de', 4),
(14, 'Christian', 'Hofmann', 'christian.hofmann@technova-systems.de', 2),
(15, 'Lena', 'Schmitt', 'lena.schmitt@technova-systems.de', 2),
(16, 'Ben', 'Hartmann', 'ben.hartmann@technova-systems.de', 10),
(17, 'Max', 'Schneider', 'max.schneider@technova-systems.de', 8),
(18, 'Moritz', 'Becker', 'moritz.becker@technova-systems.de', 7),
(19, 'Lena', 'Möller', 'lena.möller@technova-systems.de', 5),
(20, 'Dennis', 'Schubert', 'dennis.schubert@technova-systems.de', 6),
(21, 'Kevin', 'Bauer', 'kevin.bauer@technova-systems.de', 2),
(22, 'Finn', 'Klein', 'finn.klein@technova-systems.de', 5),
(23, 'Lena', 'Klein', 'lena.klein@technova-systems.de', 2),
(24, 'Jan', 'Schwarz', 'jan.schwarz@technova-systems.de', 8),
(25, 'Dennis', 'Lange', 'dennis.lange@technova-systems.de', 3),
(26, 'Hanna', 'Hartmann', 'hanna.hartmann@technova-systems.de', 4),
(27, 'Marcel', 'Schwarz', 'marcel.schwarz@technova-systems.de', 2),
(28, 'Sven', 'Schäfer', 'sven.schäfer@technova-systems.de', 9),
(29, 'Alexander', 'Wolf', 'alexander.wolf@technova-systems.de', 3),
(30, 'Katharina', 'Schmitt', 'katharina.schmitt@technova-systems.de', 5),
(31, 'Dennis', 'Möller', 'dennis.möller@technova-systems.de', 4),
(32, 'Stefanie', 'Krüger', 'stefanie.krüger@technova-systems.de', 1),
(33, 'Tim', 'Schneider', 'tim.schneider@technova-systems.de', 6),
(34, 'Lea', 'Schwarz', 'lea.schwarz@technova-systems.de', 2),
(35, 'Julia', 'Weiß', 'julia.weiß@technova-systems.de', 6),
(36, 'Julia', 'Fuchs', 'julia.fuchs@technova-systems.de', 7),
(37, 'Carolin', 'Huber', 'carolin.huber@technova-systems.de', 3),
(38, 'Max', 'Schulz', 'max.schulz@technova-systems.de', 4),
(39, 'Jasmin', 'Möller', 'jasmin.möller@technova-systems.de', 9),
(40, 'Max', 'Jung', 'max.jung@technova-systems.de', 7),
(41, 'Melanie', 'Werner', 'melanie.werner@technova-systems.de', 6),
(42, 'Tim', 'Schulz', 'tim.schulz2@technova-systems.de', 9),
(43, 'Vanessa', 'Meyer', 'vanessa.meyer@technova-systems.de', 1),
(44, 'Anna', 'Hoffmann', 'anna.hoffmann@technova-systems.de', 3),
(45, 'Stefanie', 'Meier', 'stefanie.meier@technova-systems.de', 10),
(46, 'Noah', 'Schmitt', 'noah.schmitt@technova-systems.de', 7),
(47, 'Sven', 'Huber', 'sven.huber@technova-systems.de', 9),
(48, 'Max', 'Möller', 'max.möller@technova-systems.de', 1),
(49, 'Stefanie', 'Becker', 'stefanie.becker@technova-systems.de', 9),
(50, 'Christian', 'Schwarz', 'christian.schwarz@technova-systems.de', 6);

INSERT INTO "main_types" ("id", "name") VALUES
(1, 'Hardware'),
(2, 'Software'),
(3, 'Network Device'),
(4, 'Cloud Resource'),
(5, 'Mobile Device'),
(6, 'IoT Device');

INSERT INTO "subtypes" ("id", "name", "main_type_id") VALUES
(1, 'Server', 1),
(2, 'Desktop Workstation', 1),
(3, 'Laptop', 1),
(4, 'Network Printer', 1),
(5, 'Storage Array', 1),
(6, 'Operating System', 2),
(7, 'Web Application', 2),
(8, 'Database Software', 2),
(9, 'Middleware', 2),
(10, 'SaaS Application', 2),
(11, 'Router', 3),
(12, 'Switch', 3),
(13, 'Firewall', 3),
(14, 'Load Balancer', 3),
(15, 'VPN Gateway', 3),
(16, 'Virtual Machine', 4),
(17, 'Container', 4),
(18, 'Cloud Storage Bucket', 4),
(19, 'Serverless Function', 4),
(20, 'Kubernetes Cluster', 4),
(21, 'Smartphone', 5),
(22, 'Tablet', 5),
(23, 'Smart Camera', 6),
(24, 'Sensor Hub', 6),
(25, 'Badge Reader', 6);

INSERT INTO "assets" ("id", "name", "subtype_id", "owner_id", "team_id") VALUES
(1, 'DEV-PRN-01', 4, 27, 3),
(2, 'PROD-VPN-01', 15, 46, 5),
(3, 'STAGE-CTR-01', 17, 32, 2),
(4, 'DEV-PHN-01', 21, 40, 9),
(5, 'STAGE-K8S-01', 20, 9, 6),
(6, 'STAGE-BADGE-01', 25, 34, 9),
(7, 'DEV-SRV-01', 1, 31, 1),
(8, 'DEV-PRN-02', 4, 19, 4),
(9, 'STAGE-DSK-01', 2, 36, 2),
(10, 'QA-LAP-01', 3, 4, 9),
(11, 'STAGE-BADGE-02', 25, 8, 8),
(12, 'STAGE-BUCKET-01', 18, 16, 9),
(13, 'QA-K8S-01', 20, 13, 9),
(14, 'STAGE-BADGE-03', 25, 45, 5),
(15, 'DEV-FW-01', 13, 28, 9),
(16, 'PROD-VPN-02', 15, 15, 4),
(17, 'DEV-LAP-01', 3, 1, 10),
(18, 'STAGE-BUCKET-02', 18, 37, 4),
(19, 'PROD-SRV-01', 1, 45, 1),
(20, 'PROD-DBS-01', 8, 2, 6),
(21, 'STAGE-LAP-01', 3, 17, 8),
(22, 'STAGE-WEBAPP-01', 7, 46, 10),
(23, 'QA-FUNC-01', 19, 15, 8),
(24, 'STAGE-LB-01', 14, 6, 2),
(25, 'QA-TAB-01', 22, 22, 7),
(26, 'QA-LB-01', 14, 46, 1),
(27, 'PROD-TAB-01', 22, 3, 7),
(28, 'DEV-SNS-01', 24, 6, 4),
(29, 'STAGE-WEBAPP-02', 7, 34, 8),
(30, 'QA-SAN-01', 5, 11, 5),
(31, 'STAGE-VPN-01', 15, 4, 8),
(32, 'PROD-BUCKET-01', 18, 3, 9),
(33, 'PROD-SRV-02', 1, 48, 4),
(34, 'QA-OS-01', 6, 31, 8),
(35, 'QA-WEBAPP-01', 7, 3, 3),
(36, 'PROD-FW-01', 13, 24, 5),
(37, 'DEV-VPN-01', 15, 27, 9),
(38, 'QA-TAB-02', 22, 9, 4),
(39, 'STAGE-SAAS-01', 10, 3, 10),
(40, 'PROD-SNS-01', 24, 47, 6),
(41, 'PROD-DSK-01', 2, 37, 8),
(42, 'STAGE-CTR-02', 17, 3, 9),
(43, 'STAGE-LAP-02', 3, 4, 10),
(44, 'STAGE-LAP-03', 3, 25, 2),
(45, 'STAGE-FUNC-01', 19, 37, 10),
(46, 'PROD-DSK-02', 2, 26, 10),
(47, 'DEV-FUNC-01', 19, 16, 4),
(48, 'DEV-TAB-01', 22, 15, 5),
(49, 'STAGE-FW-01', 13, 42, 5),
(50, 'DEV-VPN-02', 15, 48, 2),
(51, 'QA-SRV-01', 1, 39, 10),
(52, 'PROD-PRN-01', 4, 34, 4),
(53, 'DEV-CTR-01', 17, 8, 6),
(54, 'STAGE-LAP-04', 3, 23, 5),
(55, 'QA-OS-02', 6, 34, 5),
(56, 'PROD-K8S-01', 20, 42, 9),
(57, 'PROD-SAAS-01', 10, 8, 5),
(58, 'PROD-PRN-02', 4, 47, 9),
(59, 'DEV-SAN-01', 5, 18, 10),
(60, 'DEV-WEBAPP-01', 7, 13, 5);

INSERT INTO "scans" ("id", "asset_id", "date_time") VALUES
(1, 54, '2025-05-01 09:18:00'),
(2, 45, '2025-05-03 03:49:00'),
(3, 31, '2025-05-04 11:19:00'),
(4, 38, '2025-05-14 09:36:00'),
(5, 35, '2025-05-14 12:37:00'),
(6, 25, '2025-05-20 15:14:00'),
(7, 42, '2025-05-21 00:15:00'),
(8, 2, '2025-05-24 07:30:00'),
(9, 27, '2025-06-01 06:53:00'),
(10, 13, '2025-06-08 18:44:00'),
(11, 35, '2025-06-11 04:09:00'),
(12, 54, '2025-06-11 15:01:00'),
(13, 43, '2025-06-13 09:32:00'),
(14, 60, '2025-06-14 08:56:00'),
(15, 19, '2025-06-21 06:18:00'),
(16, 43, '2025-06-22 11:49:00'),
(17, 32, '2025-06-24 13:23:00'),
(18, 1, '2025-06-27 02:56:00'),
(19, 43, '2025-06-28 18:13:00'),
(20, 2, '2025-06-29 08:11:00'),
(21, 33, '2025-06-29 12:57:00'),
(22, 45, '2025-07-16 17:02:00'),
(23, 17, '2025-07-22 23:28:00'),
(24, 53, '2025-07-23 09:06:00'),
(25, 24, '2025-07-25 19:38:00'),
(26, 52, '2025-07-30 13:01:00'),
(27, 30, '2025-08-02 01:16:00'),
(28, 45, '2025-08-03 06:13:00'),
(29, 37, '2025-08-06 08:02:00'),
(30, 23, '2025-08-16 21:15:00'),
(31, 32, '2025-08-17 11:51:00'),
(32, 46, '2025-08-18 02:26:00'),
(33, 28, '2025-08-21 05:51:00'),
(34, 39, '2025-08-21 15:14:00'),
(35, 19, '2025-08-22 12:44:00'),
(36, 20, '2025-08-24 06:09:00'),
(37, 10, '2025-08-30 05:51:00'),
(38, 10, '2025-08-31 04:30:00'),
(39, 41, '2025-08-31 08:28:00'),
(40, 26, '2025-09-02 04:41:00'),
(41, 29, '2025-09-02 14:36:00'),
(42, 36, '2025-09-05 03:29:00'),
(43, 38, '2025-09-13 01:06:00'),
(44, 41, '2025-09-19 16:31:00'),
(45, 22, '2025-09-20 02:49:00'),
(46, 45, '2025-09-29 17:08:00'),
(47, 58, '2025-10-01 16:19:00'),
(48, 37, '2025-10-02 12:35:00'),
(49, 18, '2025-10-04 08:14:00'),
(50, 16, '2025-10-04 21:37:00'),
(51, 51, '2025-10-08 13:38:00'),
(52, 42, '2025-10-12 14:28:00'),
(53, 18, '2025-10-13 07:53:00'),
(54, 25, '2025-10-15 06:29:00'),
(55, 27, '2025-10-17 17:29:00'),
(56, 43, '2025-10-17 19:20:00'),
(57, 1, '2025-10-18 04:40:00'),
(58, 18, '2025-10-19 10:57:00'),
(59, 21, '2025-10-20 12:17:00'),
(60, 25, '2025-10-20 21:43:00'),
(61, 17, '2025-10-22 08:56:00'),
(62, 18, '2025-10-27 20:32:00'),
(63, 22, '2025-10-28 22:29:00'),
(64, 15, '2025-11-01 05:19:00'),
(65, 20, '2025-11-03 01:57:00'),
(66, 13, '2025-11-03 13:04:00'),
(67, 54, '2025-11-06 18:35:00'),
(68, 44, '2025-11-09 12:45:00'),
(69, 15, '2025-11-13 22:09:00'),
(70, 49, '2025-11-16 13:34:00'),
(71, 27, '2025-11-16 18:44:00'),
(72, 52, '2025-11-24 23:10:00'),
(73, 36, '2025-11-25 19:47:00'),
(74, 43, '2025-11-26 10:25:00'),
(75, 60, '2025-11-27 21:55:00'),
(76, 13, '2025-12-02 21:24:00'),
(77, 41, '2025-12-03 08:02:00'),
(78, 23, '2025-12-04 23:35:00'),
(79, 42, '2025-12-06 04:55:00'),
(80, 35, '2025-12-06 21:23:00'),
(81, 10, '2025-12-07 04:02:00'),
(82, 14, '2025-12-07 18:38:00'),
(83, 10, '2025-12-09 05:46:00'),
(84, 39, '2025-12-09 11:46:00'),
(85, 46, '2025-12-10 00:33:00'),
(86, 18, '2025-12-10 15:01:00'),
(87, 49, '2025-12-13 19:52:00'),
(88, 54, '2025-12-26 04:39:00'),
(89, 24, '2025-12-29 17:33:00'),
(90, 48, '2026-01-03 08:46:00'),
(91, 33, '2026-01-06 08:57:00'),
(92, 2, '2026-01-09 10:11:00'),
(93, 47, '2026-01-14 13:53:00'),
(94, 5, '2026-01-15 20:21:00'),
(95, 1, '2026-01-20 06:05:00'),
(96, 45, '2026-01-21 14:03:00'),
(97, 52, '2026-01-31 15:29:00'),
(98, 48, '2026-02-01 01:22:00'),
(99, 59, '2026-02-05 14:57:00'),
(100, 34, '2026-02-11 19:20:00'),
(101, 44, '2026-03-04 03:50:00'),
(102, 54, '2026-03-18 07:06:00'),
(103, 27, '2026-03-19 18:12:00'),
(104, 43, '2026-03-21 19:21:00'),
(105, 31, '2026-03-27 22:31:00'),
(106, 15, '2026-03-29 02:49:00'),
(107, 34, '2026-03-30 08:39:00'),
(108, 2, '2026-04-03 06:25:00'),
(109, 37, '2026-04-05 00:05:00'),
(110, 40, '2026-04-08 12:21:00'),
(111, 29, '2026-04-11 06:32:00'),
(112, 26, '2026-04-13 17:21:00'),
(113, 46, '2026-04-22 12:31:00'),
(114, 30, '2026-04-24 08:49:00'),
(115, 39, '2026-04-25 08:35:00'),
(116, 36, '2026-04-27 13:35:00'),
(117, 1, '2026-04-28 17:08:00'),
(118, 5, '2026-05-01 09:15:00'),
(119, 48, '2026-05-03 03:49:00'),
(120, 16, '2026-05-04 13:31:00'),
(121, 8, '2026-05-05 06:20:00'),
(122, 48, '2026-05-12 17:51:00'),
(123, 12, '2026-05-13 10:50:00'),
(124, 47, '2026-05-15 23:42:00'),
(125, 11, '2026-05-16 15:28:00'),
(126, 8, '2026-05-16 17:48:00'),
(127, 44, '2026-05-19 05:39:00'),
(128, 17, '2026-05-20 07:53:00'),
(129, 36, '2026-05-24 07:44:00'),
(130, 38, '2026-05-25 16:38:00'),
(131, 2, '2026-05-27 18:24:00'),
(132, 45, '2026-05-31 09:54:00'),
(133, 37, '2026-06-05 01:22:00'),
(134, 11, '2026-06-08 22:06:00'),
(135, 29, '2026-06-10 00:05:00'),
(136, 31, '2026-06-11 23:10:00'),
(137, 9, '2026-06-15 14:42:00'),
(138, 60, '2026-06-17 17:43:00'),
(139, 48, '2026-06-20 07:17:00'),
(140, 13, '2026-06-23 14:22:00'),
(141, 6, '2026-06-24 07:43:00'),
(142, 20, '2026-06-25 07:14:00'),
(143, 28, '2026-06-27 23:37:00'),
(144, 41, '2026-06-29 14:45:00'),
(145, 49, '2026-06-30 13:16:00'),
(146, 13, '2026-07-04 00:39:00'),
(147, 59, '2026-07-08 01:05:00'),
(148, 43, '2026-07-09 03:46:00'),
(149, 1, '2026-07-09 13:52:00'),
(150, 40, '2026-07-10 02:29:00');

INSERT INTO "cves" ("id", "description", "cvss_score") VALUES
('CVE-2021-44228', 'Remote code execution in a widely used Java logging library via crafted log input (Log4Shell).', 10.0),
('CVE-2014-0160', 'Out-of-bounds memory read in OpenSSL''s heartbeat extension allowing disclosure of sensitive data (Heartbleed).', 7.5),
('CVE-2017-5638', 'Remote code execution in a Java web application framework via a malicious Content-Type header.', 10.0),
('CVE-2019-0708', 'Remote code execution in Windows Remote Desktop Services reachable without authentication (BlueKeep).', 9.8),
('CVE-2020-1472', 'Elevation of privilege in the Netlogon protocol allowing domain controller takeover (Zerologon).', 10.0),
('CVE-2021-34527', 'Remote code execution in the Windows Print Spooler service (PrintNightmare).', 8.8),
('CVE-2022-30190', 'Remote code execution via the Microsoft Support Diagnostic Tool through crafted Office documents (Follina).', 7.8),
('CVE-2023-23397', 'Privilege escalation in Outlook via a crafted reminder that triggers NTLM credential leakage.', 9.8),
('CVE-2018-11776', 'Remote code execution in a Java web framework caused by improper input validation in the namespace handling.', 8.1),
('CVE-2015-1635', 'Remote code execution in the Windows HTTP stack via a crafted HTTP request.', 9.8),
('CVE-2017-0144', 'Remote code execution in the SMBv1 protocol implementation exploited by the EternalBlue toolset.', 8.1),
('CVE-2021-26855', 'Server-side request forgery in Microsoft Exchange Server enabling further chained exploitation (ProxyLogon).', 9.8),
('CVE-2020-0601', 'Spoofing vulnerability in Windows CryptoAPI''s validation of ECC certificates (CurveBall).', 8.1),
('CVE-2019-19781', 'Directory traversal in Citrix ADC and Gateway leading to arbitrary code execution.', 9.8),
('CVE-2022-22965', 'Remote code execution in the Spring Framework via data binding on JDK 9+ (Spring4Shell).', 9.8),
('CVE-2023-4863', 'Heap buffer overflow in the WebP image library allowing arbitrary code execution.', 8.8),
('CVE-2016-5195', 'Race condition in the Linux kernel''s memory subsystem allowing local privilege escalation (Dirty COW).', 7.8),
('CVE-2021-3156', 'Heap-based buffer overflow in sudo allowing local privilege escalation (Baron Samedit).', 7.8),
('CVE-2024-3094', 'Backdoor introduced into the XZ Utils compression library via malicious upstream commits.', 10.0),
('CVE-2023-38831', 'Code execution in an archive utility via crafted filenames that mislead file extension parsing.', 7.8),
('CVE-2024-21491', 'Missing authentication check allows unauthorized access to an administrative interface.', 6.4),
('CVE-2023-40901', 'Information disclosure via verbose error messages exposing internal system details.', 2.8),
('CVE-2022-38810', 'Buffer overflow in a network service allows remote crash or code execution.', 5.7),
('CVE-2025-31164', 'Insufficient session expiration allows reuse of stolen session tokens.', 9.6),
('CVE-2024-48236', 'Information disclosure via verbose error messages exposing internal system details.', 2.9),
('CVE-2022-33130', 'Information disclosure via verbose error messages exposing internal system details.', 2.6),
('CVE-2022-24971', 'Cross-site scripting in a web form allows injection of arbitrary client-side scripts.', 8.4),
('CVE-2024-22791', 'Hard-coded credentials embedded in firmware allow unauthorized device access.', 2.9),
('CVE-2025-39867', 'Server-side request forgery allows an attacker to pivot into internal network resources.', 8.2),
('CVE-2023-45417', 'Improper access control allows a low-privileged user to reach administrative functions.', 5.0),
('CVE-2025-29743', 'Use-after-free in a parsing routine allows memory corruption and possible code execution.', 9.8),
('CVE-2024-38632', 'Server-side request forgery allows an attacker to pivot into internal network resources.', 2.5),
('CVE-2022-44993', 'Path traversal in a file upload handler allows writing files outside the intended directory.', 6.9),
('CVE-2024-41640', 'Insecure default configuration exposes a management port to the network.', 3.2),
('CVE-2023-38087', 'Insecure default configuration exposes a management port to the network.', 3.2),
('CVE-2025-34762', 'Server-side request forgery allows an attacker to pivot into internal network resources.', 5.7),
('CVE-2022-27585', 'Buffer overflow in a network service allows remote crash or code execution.', 7.6),
('CVE-2025-22332', 'Hard-coded credentials embedded in firmware allow unauthorized device access.', 9.3),
('CVE-2026-41665', 'Path traversal in a file upload handler allows writing files outside the intended directory.', 5.4),
('CVE-2026-27366', 'Cross-site scripting in a web form allows injection of arbitrary client-side scripts.', 9.2),
('CVE-2023-22339', 'Missing authentication check allows unauthorized access to an administrative interface.', 3.3),
('CVE-2024-39498', 'Use-after-free in a parsing routine allows memory corruption and possible code execution.', 9.3),
('CVE-2025-24074', 'Cross-site request forgery allows state-changing actions without user consent.', 7.4),
('CVE-2025-28920', 'Improper access control allows a low-privileged user to reach administrative functions.', 6.3),
('CVE-2025-22635', 'Server-side request forgery allows an attacker to pivot into internal network resources.', 2.3),
('CVE-2025-44069', 'Privilege escalation due to insecure file permissions on a system service.', 6.8),
('CVE-2022-22992', 'Hard-coded credentials embedded in firmware allow unauthorized device access.', 9.6),
('CVE-2026-39238', 'Improper input validation allows an attacker to trigger a crash or unexpected behavior.', 9.9),
('CVE-2024-38882', 'Missing authentication check allows unauthorized access to an administrative interface.', 8.0),
('CVE-2023-35417', 'Improper access control allows a low-privileged user to reach administrative functions.', 7.1);

INSERT INTO "findings" ("id", "scan_id", "cve_id", "severity") VALUES
(1, 72, 'CVE-2021-26855', 'critical'),
(2, 150, 'CVE-2024-22791', 'low'),
(3, 126, 'CVE-2021-34527', 'high'),
(4, 121, 'CVE-2022-38810', 'medium'),
(5, 105, 'CVE-2023-40901', 'low'),
(6, 83, 'CVE-2025-24074', 'high'),
(7, 27, 'CVE-2017-0144', 'high'),
(8, 85, 'CVE-2022-24971', 'high'),
(9, 127, 'CVE-2024-3094', 'critical'),
(10, 103, 'CVE-2024-38882', 'high'),
(11, 141, 'CVE-2017-5638', 'critical'),
(12, 117, 'CVE-2021-34527', 'high'),
(13, 81, 'CVE-2016-5195', 'high'),
(14, 83, 'CVE-2023-23397', 'critical'),
(15, 104, 'CVE-2022-44993', 'medium'),
(16, 1, 'CVE-2025-24074', 'high'),
(17, 139, 'CVE-2023-45417', 'medium'),
(18, 106, 'CVE-2019-0708', 'critical'),
(19, 49, 'CVE-2024-41640', 'low'),
(20, 93, 'CVE-2026-27366', 'critical'),
(21, 128, 'CVE-2023-22339', 'low'),
(22, 114, 'CVE-2024-38882', 'high'),
(23, 14, 'CVE-2019-19781', 'critical'),
(24, 69, 'CVE-2025-34762', 'medium'),
(25, 34, 'CVE-2024-3094', 'critical'),
(26, 113, 'CVE-2025-22635', 'low'),
(27, 125, 'CVE-2023-23397', 'critical'),
(28, 8, 'CVE-2023-22339', 'low'),
(29, 62, 'CVE-2025-44069', 'medium'),
(30, 41, 'CVE-2023-38831', 'high'),
(31, 142, 'CVE-2021-44228', 'critical'),
(32, 142, 'CVE-2022-24971', 'high'),
(33, 24, 'CVE-2022-22965', 'critical'),
(34, 30, 'CVE-2023-45417', 'medium'),
(35, 31, 'CVE-2024-39498', 'critical'),
(36, 40, 'CVE-2024-38632', 'low'),
(37, 75, 'CVE-2022-44993', 'medium'),
(38, 70, 'CVE-2022-24971', 'high'),
(39, 124, 'CVE-2025-29743', 'critical'),
(40, 63, 'CVE-2023-45417', 'medium'),
(41, 142, 'CVE-2015-1635', 'critical'),
(42, 99, 'CVE-2020-0601', 'high'),
(43, 131, 'CVE-2026-39238', 'critical'),
(44, 35, 'CVE-2020-1472', 'critical'),
(45, 71, 'CVE-2023-35417', 'high'),
(46, 107, 'CVE-2023-40901', 'low'),
(47, 130, 'CVE-2021-3156', 'high'),
(48, 1, 'CVE-2024-3094', 'critical'),
(49, 77, 'CVE-2025-22332', 'critical'),
(50, 149, 'CVE-2025-24074', 'high'),
(51, 126, 'CVE-2015-1635', 'critical'),
(52, 115, 'CVE-2023-38087', 'low'),
(53, 124, 'CVE-2022-38810', 'medium'),
(54, 86, 'CVE-2025-34762', 'medium'),
(55, 140, 'CVE-2024-48236', 'low'),
(56, 117, 'CVE-2024-21491', 'medium'),
(57, 49, 'CVE-2025-22635', 'low'),
(58, 62, 'CVE-2022-27585', 'high'),
(59, 99, 'CVE-2022-22965', 'critical'),
(60, 106, 'CVE-2017-5638', 'critical'),
(61, 82, 'CVE-2026-39238', 'critical'),
(62, 122, 'CVE-2025-44069', 'medium'),
(63, 98, 'CVE-2024-48236', 'low'),
(64, 39, 'CVE-2024-38632', 'low'),
(65, 10, 'CVE-2018-11776', 'high'),
(66, 129, 'CVE-2025-22332', 'critical'),
(67, 85, 'CVE-2022-30190', 'high'),
(68, 113, 'CVE-2022-30190', 'high'),
(69, 135, 'CVE-2023-45417', 'medium'),
(70, 4, 'CVE-2022-22992', 'critical'),
(71, 37, 'CVE-2022-24971', 'high'),
(72, 40, 'CVE-2020-1472', 'critical'),
(73, 121, 'CVE-2016-5195', 'high'),
(74, 87, 'CVE-2026-27366', 'critical'),
(75, 102, 'CVE-2024-39498', 'critical'),
(76, 21, 'CVE-2023-40901', 'low'),
(77, 137, 'CVE-2024-48236', 'low'),
(78, 82, 'CVE-2023-22339', 'low'),
(79, 125, 'CVE-2023-38087', 'low'),
(80, 10, 'CVE-2026-27366', 'critical'),
(81, 18, 'CVE-2023-4863', 'high'),
(82, 74, 'CVE-2022-22965', 'critical'),
(83, 24, 'CVE-2024-22791', 'low'),
(84, 26, 'CVE-2024-38882', 'high'),
(85, 26, 'CVE-2025-39867', 'high'),
(86, 43, 'CVE-2025-22635', 'low'),
(87, 77, 'CVE-2014-0160', 'high'),
(88, 12, 'CVE-2024-21491', 'medium'),
(89, 15, 'CVE-2024-3094', 'critical'),
(90, 92, 'CVE-2025-31164', 'critical'),
(91, 111, 'CVE-2015-1635', 'critical'),
(92, 63, 'CVE-2024-41640', 'low'),
(93, 106, 'CVE-2022-27585', 'high'),
(94, 47, 'CVE-2017-0144', 'high'),
(95, 45, 'CVE-2021-34527', 'high'),
(96, 98, 'CVE-2026-27366', 'critical'),
(97, 62, 'CVE-2024-38632', 'low'),
(98, 150, 'CVE-2015-1635', 'critical'),
(99, 60, 'CVE-2023-45417', 'medium'),
(100, 66, 'CVE-2023-45417', 'medium'),
(101, 66, 'CVE-2025-24074', 'high'),
(102, 3, 'CVE-2023-45417', 'medium'),
(103, 74, 'CVE-2025-28920', 'medium'),
(104, 140, 'CVE-2017-0144', 'high'),
(105, 19, 'CVE-2025-39867', 'high'),
(106, 89, 'CVE-2025-22332', 'critical'),
(107, 77, 'CVE-2023-22339', 'low'),
(108, 109, 'CVE-2025-22635', 'low'),
(109, 65, 'CVE-2023-45417', 'medium'),
(110, 78, 'CVE-2020-0601', 'high'),
(111, 99, 'CVE-2025-29743', 'critical'),
(112, 28, 'CVE-2023-4863', 'high'),
(113, 98, 'CVE-2022-27585', 'high'),
(114, 92, 'CVE-2022-27585', 'high'),
(115, 76, 'CVE-2025-22635', 'low'),
(116, 76, 'CVE-2014-0160', 'high'),
(117, 102, 'CVE-2021-3156', 'high'),
(118, 3, 'CVE-2022-27585', 'high'),
(119, 13, 'CVE-2026-41665', 'medium'),
(120, 128, 'CVE-2024-3094', 'critical'),
(121, 59, 'CVE-2026-41665', 'medium'),
(122, 91, 'CVE-2022-22965', 'critical'),
(123, 49, 'CVE-2026-27366', 'critical'),
(124, 65, 'CVE-2025-28920', 'medium'),
(125, 36, 'CVE-2023-22339', 'low'),
(126, 25, 'CVE-2023-22339', 'low'),
(127, 11, 'CVE-2023-38831', 'high'),
(128, 113, 'CVE-2017-5638', 'critical'),
(129, 149, 'CVE-2025-31164', 'critical'),
(130, 34, 'CVE-2021-34527', 'high'),
(131, 76, 'CVE-2024-21491', 'medium'),
(132, 107, 'CVE-2021-26855', 'critical'),
(133, 52, 'CVE-2018-11776', 'high'),
(134, 139, 'CVE-2025-31164', 'critical'),
(135, 136, 'CVE-2022-44993', 'medium'),
(136, 70, 'CVE-2017-0144', 'high'),
(137, 66, 'CVE-2025-29743', 'critical'),
(138, 76, 'CVE-2026-39238', 'critical'),
(139, 87, 'CVE-2023-23397', 'critical'),
(140, 120, 'CVE-2020-1472', 'critical'),
(141, 37, 'CVE-2024-38882', 'high'),
(142, 58, 'CVE-2025-28920', 'medium'),
(143, 102, 'CVE-2025-34762', 'medium'),
(144, 94, 'CVE-2021-34527', 'high'),
(145, 102, 'CVE-2021-44228', 'critical'),
(146, 68, 'CVE-2023-38087', 'low'),
(147, 32, 'CVE-2023-45417', 'medium'),
(148, 95, 'CVE-2025-28920', 'medium'),
(149, 68, 'CVE-2025-22332', 'critical'),
(150, 98, 'CVE-2023-22339', 'low'),
(151, 96, 'CVE-2022-30190', 'high'),
(152, 60, 'CVE-2025-29743', 'critical'),
(153, 7, 'CVE-2026-27366', 'critical'),
(154, 144, 'CVE-2024-21491', 'medium'),
(155, 57, 'CVE-2024-39498', 'critical'),
(156, 17, 'CVE-2023-22339', 'low'),
(157, 119, 'CVE-2025-22635', 'low'),
(158, 78, 'CVE-2024-39498', 'critical'),
(159, 105, 'CVE-2023-23397', 'critical'),
(160, 36, 'CVE-2017-5638', 'critical'),
(161, 10, 'CVE-2023-38831', 'high'),
(162, 127, 'CVE-2023-23397', 'critical'),
(163, 25, 'CVE-2023-4863', 'high'),
(164, 138, 'CVE-2018-11776', 'high'),
(165, 100, 'CVE-2023-45417', 'medium'),
(166, 95, 'CVE-2025-24074', 'high'),
(167, 139, 'CVE-2022-24971', 'high'),
(168, 40, 'CVE-2022-24971', 'high'),
(169, 26, 'CVE-2024-38632', 'low'),
(170, 105, 'CVE-2021-3156', 'high'),
(171, 9, 'CVE-2025-22635', 'low'),
(172, 95, 'CVE-2019-19781', 'critical'),
(173, 114, 'CVE-2025-39867', 'high'),
(174, 61, 'CVE-2025-31164', 'critical'),
(175, 26, 'CVE-2025-28920', 'medium'),
(176, 95, 'CVE-2023-38087', 'low'),
(177, 92, 'CVE-2019-0708', 'critical'),
(178, 102, 'CVE-2021-3156', 'high'),
(179, 49, 'CVE-2023-23397', 'critical'),
(180, 117, 'CVE-2021-34527', 'high');

INSERT INTO "remediations" ("id", "finding_id", "person_id", "action_datetime", "outcome", "notes") VALUES
(1, 153, 24, '2025-06-13 17:15:00', 'successful', 'Configuration hardened per vendor guidance; issue closed.'),
(2, 80, 32, '2025-06-13 21:44:00', 'failed', 'Patch deployment failed due to dependency conflict; rescheduled.'),
(3, 88, 31, '2025-06-16 11:01:00', 'in_progress', 'Remediation scheduled for next maintenance window.'),
(4, 65, 40, '2025-06-29 23:44:00', 'successful', 'Configuration hardened per vendor guidance; issue closed.'),
(5, 171, 3, '2025-07-01 20:53:00', 'successful', 'Configuration hardened per vendor guidance; issue closed.'),
(6, 161, 3, '2025-07-05 17:44:00', 'successful', 'Compensating control deployed and confirmed effective.'),
(7, 28, 4, '2025-07-08 02:30:00', 'in_progress', 'Remediation scheduled for next maintenance window.'),
(8, 105, 3, '2025-07-24 09:13:00', 'failed', 'Fix attempt did not resolve the underlying issue; escalated.'),
(9, 156, 8, '2025-07-28 09:23:00', 'successful', 'Vulnerable package upgraded to the fixed release.'),
(10, 89, 18, '2025-07-31 19:18:00', 'failed', 'Patch deployment failed due to dependency conflict; rescheduled.'),
(11, 85, 26, '2025-08-02 20:01:00', 'rolled_back', 'Patch caused service instability and was reverted.'),
(12, 33, 43, '2025-08-03 03:06:00', 'successful', 'Vulnerable package upgraded to the fixed release.'),
(13, 83, 32, '2025-08-05 05:06:00', 'successful', 'Compensating control deployed and confirmed effective.'),
(14, 34, 37, '2025-08-22 07:15:00', 'successful', 'Compensating control deployed and confirmed effective.'),
(15, 130, 4, '2025-08-24 04:14:00', 'successful', 'Configuration hardened per vendor guidance; issue closed.'),
(16, 7, 22, '2025-08-24 08:16:00', 'in_progress', 'Awaiting change approval before patch can be deployed.'),
(17, 169, 46, '2025-08-29 08:01:00', 'successful', 'Compensating control deployed and confirmed effective.'),
(18, 30, 37, '2025-09-06 04:36:00', 'failed', 'Fix attempt did not resolve the underlying issue; escalated.'),
(19, 160, 21, '2025-09-15 02:09:00', 'successful', 'Patch applied and verified in follow-up scan.'),
(20, 44, 3, '2025-09-15 02:44:00', 'in_progress', 'Vendor fix not yet available; monitoring for release.'),
(21, 36, 41, '2025-09-18 17:41:00', 'in_progress', 'Vendor fix not yet available; monitoring for release.'),
(22, 71, 43, '2025-10-02 22:51:00', 'in_progress', 'Awaiting change approval before patch can be deployed.'),
(23, 86, 15, '2025-10-04 23:06:00', 'successful', 'Configuration hardened per vendor guidance; issue closed.'),
(24, 44, 23, '2025-10-06 04:44:00', 'successful', 'Vulnerable package upgraded to the fixed release.'),
(25, 123, 5, '2025-10-07 12:14:00', 'successful', 'Configuration hardened per vendor guidance; issue closed.'),
(26, 94, 46, '2025-10-11 11:19:00', 'rolled_back', 'Update rolled back after failing regression tests.'),
(27, 57, 6, '2025-10-14 18:14:00', 'failed', 'Patch deployment failed due to dependency conflict; rescheduled.'),
(28, 179, 39, '2025-10-15 14:14:00', 'successful', 'Configuration hardened per vendor guidance; issue closed.'),
(29, 86, 18, '2025-10-26 23:06:00', 'successful', 'Configuration hardened per vendor guidance; issue closed.'),
(30, 133, 32, '2025-11-03 19:28:00', 'failed', 'Fix attempt did not resolve the underlying issue; escalated.'),
(31, 174, 49, '2025-11-08 09:56:00', 'failed', 'Fix attempt did not resolve the underlying issue; escalated.'),
(32, 92, 34, '2025-11-10 13:29:00', 'successful', 'Patch applied and verified in follow-up scan.'),
(33, 137, 16, '2025-11-11 22:04:00', 'successful', 'Patch applied and verified in follow-up scan.'),
(34, 19, 6, '2025-11-13 08:14:00', 'successful', 'Vulnerable package upgraded to the fixed release.'),
(35, 92, 10, '2025-11-14 01:29:00', 'successful', 'Vulnerable package upgraded to the fixed release.'),
(36, 109, 44, '2025-11-16 12:57:00', 'rolled_back', 'Update rolled back after failing regression tests.'),
(37, 38, 20, '2025-11-17 19:34:00', 'rolled_back', 'Patch caused service instability and was reverted.'),
(38, 155, 5, '2025-11-21 15:40:00', 'rolled_back', 'Patch caused service instability and was reverted.'),
(39, 45, 7, '2025-11-23 07:44:00', 'successful', 'Compensating control deployed and confirmed effective.'),
(40, 58, 12, '2025-11-25 15:32:00', 'successful', 'Configuration hardened per vendor guidance; issue closed.'),
(41, 174, 50, '2025-11-25 21:56:00', 'successful', 'Patch applied and verified in follow-up scan.'),
(42, 142, 4, '2025-11-27 12:57:00', 'successful', 'Patch applied and verified in follow-up scan.'),
(43, 155, 16, '2025-11-29 12:40:00', 'rolled_back', 'Patch caused service instability and was reverted.'),
(44, 29, 26, '2025-11-30 22:32:00', 'in_progress', 'Remediation scheduled for next maintenance window.'),
(45, 146, 11, '2025-12-04 16:45:00', 'successful', 'Vulnerable package upgraded to the fixed release.'),
(46, 149, 27, '2025-12-08 13:45:00', 'successful', 'Vulnerable package upgraded to the fixed release.'),
(47, 138, 21, '2025-12-09 23:24:00', 'failed', 'Fix attempt did not resolve the underlying issue; escalated.'),
(48, 101, 42, '2025-12-10 01:04:00', 'in_progress', 'Awaiting change approval before patch can be deployed.'),
(49, 49, 2, '2025-12-21 07:02:00', 'successful', 'Patch applied and verified in follow-up scan.'),
(50, 1, 9, '2025-12-23 04:10:00', 'successful', 'Vulnerable package upgraded to the fixed release.'),
(51, 116, 22, '2025-12-24 23:24:00', 'successful', 'Compensating control deployed and confirmed effective.'),
(52, 38, 13, '2026-01-01 04:34:00', 'successful', 'Patch applied and verified in follow-up scan.'),
(53, 49, 46, '2026-01-01 13:02:00', 'successful', 'Patch applied and verified in follow-up scan.'),
(54, 115, 12, '2026-01-05 17:24:00', 'successful', 'Compensating control deployed and confirmed effective.'),
(55, 82, 37, '2026-01-07 02:25:00', 'successful', 'Vulnerable package upgraded to the fixed release.'),
(56, 8, 19, '2026-01-08 19:33:00', 'in_progress', 'Vendor fix not yet available; monitoring for release.'),
(57, 67, 15, '2026-01-11 06:33:00', 'rolled_back', 'Patch caused service instability and was reverted.'),
(58, 158, 12, '2026-01-11 12:35:00', 'failed', 'Patch deployment failed due to dependency conflict; rescheduled.'),
(59, 177, 20, '2026-01-12 20:11:00', 'successful', 'Compensating control deployed and confirmed effective.'),
(60, 114, 41, '2026-01-15 07:11:00', 'successful', 'Vulnerable package upgraded to the fixed release.'),
(61, 6, 28, '2026-01-15 12:46:00', 'in_progress', 'Remediation scheduled for next maintenance window.'),
(62, 61, 49, '2026-01-15 22:38:00', 'in_progress', 'Awaiting change approval before patch can be deployed.'),
(63, 14, 23, '2026-01-16 06:46:00', 'successful', 'Configuration hardened per vendor guidance; issue closed.'),
(64, 13, 42, '2026-01-17 01:02:00', 'failed', 'Change window missed; vulnerability remains open.'),
(65, 177, 42, '2026-01-18 20:11:00', 'successful', 'Compensating control deployed and confirmed effective.'),
(66, 78, 49, '2026-01-21 22:38:00', 'in_progress', 'Vendor fix not yet available; monitoring for release.'),
(67, 166, 39, '2026-01-22 10:05:00', 'failed', 'Fix attempt did not resolve the underlying issue; escalated.'),
(68, 54, 18, '2026-01-23 17:01:00', 'successful', 'Compensating control deployed and confirmed effective.'),
(69, 139, 19, '2026-01-24 08:52:00', 'successful', 'Patch applied and verified in follow-up scan.'),
(70, 172, 18, '2026-01-26 11:05:00', 'successful', 'Vulnerable package upgraded to the fixed release.'),
(71, 148, 10, '2026-01-28 22:05:00', 'successful', 'Vulnerable package upgraded to the fixed release.'),
(72, 166, 13, '2026-02-04 09:05:00', 'in_progress', 'Awaiting change approval before patch can be deployed.'),
(73, 122, 22, '2026-02-04 11:57:00', 'rolled_back', 'Patch caused service instability and was reverted.'),
(74, 176, 21, '2026-02-06 15:05:00', 'successful', 'Compensating control deployed and confirmed effective.'),
(75, 42, 13, '2026-02-11 22:57:00', 'failed', 'Change window missed; vulnerability remains open.'),
(76, 42, 19, '2026-02-14 15:57:00', 'rolled_back', 'Update rolled back after failing regression tests.'),
(77, 148, 15, '2026-02-17 08:05:00', 'in_progress', 'Vendor fix not yet available; monitoring for release.'),
(78, 151, 29, '2026-02-23 09:03:00', 'successful', 'Vulnerable package upgraded to the fixed release.'),
(79, 96, 26, '2026-02-25 14:22:00', 'in_progress', 'Vendor fix not yet available; monitoring for release.'),
(80, 165, 20, '2026-03-03 14:20:00', 'successful', 'Vulnerable package upgraded to the fixed release.'),
(81, 63, 19, '2026-03-09 18:22:00', 'in_progress', 'Awaiting change approval before patch can be deployed.'),
(82, 113, 24, '2026-03-17 15:22:00', 'successful', 'Patch applied and verified in follow-up scan.'),
(83, 63, 22, '2026-03-18 10:22:00', 'successful', 'Vulnerable package upgraded to the fixed release.'),
(84, 111, 28, '2026-03-20 11:57:00', 'successful', 'Patch applied and verified in follow-up scan.'),
(85, 59, 50, '2026-03-21 00:57:00', 'failed', 'Change window missed; vulnerability remains open.'),
(86, 59, 43, '2026-03-22 00:57:00', 'successful', 'Patch applied and verified in follow-up scan.'),
(87, 18, 26, '2026-04-03 11:49:00', 'rolled_back', 'Update rolled back after failing regression tests.'),
(88, 10, 6, '2026-04-05 06:12:00', 'successful', 'Patch applied and verified in follow-up scan.'),
(89, 75, 1, '2026-04-06 20:06:00', 'failed', 'Patch deployment failed due to dependency conflict; rescheduled.'),
(90, 108, 6, '2026-04-10 20:05:00', 'failed', 'Change window missed; vulnerability remains open.'),
(91, 15, 42, '2026-04-13 20:21:00', 'successful', 'Patch applied and verified in follow-up scan.'),
(92, 132, 46, '2026-04-16 16:39:00', 'successful', 'Configuration hardened per vendor guidance; issue closed.'),
(93, 117, 9, '2026-04-18 00:06:00', 'failed', 'Patch deployment failed due to dependency conflict; rescheduled.'),
(94, 18, 21, '2026-04-19 01:49:00', 'in_progress', 'Remediation scheduled for next maintenance window.'),
(95, 145, 24, '2026-04-19 07:06:00', 'failed', 'Fix attempt did not resolve the underlying issue; escalated.'),
(96, 132, 25, '2026-04-23 17:39:00', 'successful', 'Configuration hardened per vendor guidance; issue closed.'),
(97, 143, 49, '2026-04-26 06:06:00', 'successful', 'Patch applied and verified in follow-up scan.'),
(98, 93, 34, '2026-04-27 18:49:00', 'failed', 'Fix attempt did not resolve the underlying issue; escalated.'),
(99, 145, 6, '2026-04-28 07:06:00', 'in_progress', 'Awaiting change approval before patch can be deployed.'),
(100, 117, 48, '2026-05-01 05:06:00', 'rolled_back', 'Patch caused service instability and was reverted.'),
(101, 170, 22, '2026-05-03 15:31:00', 'failed', 'Fix attempt did not resolve the underlying issue; escalated.'),
(102, 56, 33, '2026-05-08 06:08:00', 'rolled_back', 'Patch caused service instability and was reverted.'),
(103, 5, 42, '2026-05-11 16:31:00', 'failed', 'Change window missed; vulnerability remains open.'),
(104, 108, 34, '2026-05-12 04:05:00', 'successful', 'Configuration hardened per vendor guidance; issue closed.'),
(105, 60, 38, '2026-05-12 23:49:00', 'successful', 'Configuration hardened per vendor guidance; issue closed.'),
(106, 39, 7, '2026-05-21 08:42:00', 'successful', 'Patch applied and verified in follow-up scan.'),
(107, 12, 42, '2026-05-22 02:08:00', 'failed', 'Fix attempt did not resolve the underlying issue; escalated.'),
(108, 68, 41, '2026-05-24 02:31:00', 'successful', 'Configuration hardened per vendor guidance; issue closed.'),
(109, 52, 50, '2026-05-25 17:35:00', 'successful', 'Compensating control deployed and confirmed effective.'),
(110, 157, 22, '2026-05-26 20:49:00', 'in_progress', 'Awaiting change approval before patch can be deployed.'),
(111, 62, 16, '2026-05-28 10:51:00', 'successful', 'Compensating control deployed and confirmed effective.'),
(112, 173, 6, '2026-05-28 16:49:00', 'in_progress', 'Awaiting change approval before patch can be deployed.'),
(113, 4, 47, '2026-05-28 17:20:00', 'rolled_back', 'Patch caused service instability and was reverted.'),
(114, 9, 47, '2026-05-29 22:39:00', 'failed', 'Fix attempt did not resolve the underlying issue; escalated.'),
(115, 56, 23, '2026-05-31 20:08:00', 'successful', 'Configuration hardened per vendor guidance; issue closed.'),
(116, 53, 30, '2026-06-10 12:42:00', 'successful', 'Configuration hardened per vendor guidance; issue closed.'),
(117, 162, 12, '2026-06-12 14:39:00', 'rolled_back', 'Update rolled back after failing regression tests.'),
(118, 104, 13, '2026-06-26 23:22:00', 'successful', 'Vulnerable package upgraded to the fixed release.'),
(119, 167, 34, '2026-06-28 05:17:00', 'in_progress', 'Vendor fix not yet available; monitoring for release.'),
(120, 164, 31, '2026-06-28 14:43:00', 'successful', 'Patch applied and verified in follow-up scan.'),
(121, 53, 12, '2026-06-30 19:42:00', 'in_progress', 'Remediation scheduled for next maintenance window.'),
(122, 120, 45, '2026-07-03 21:53:00', 'successful', 'Vulnerable package upgraded to the fixed release.'),
(123, 135, 38, '2026-07-07 13:10:00', 'failed', 'Change window missed; vulnerability remains open.'),
(124, 154, 46, '2026-07-08 16:45:00', 'in_progress', 'Vendor fix not yet available; monitoring for release.'),
(125, 77, 47, '2026-07-08 21:42:00', 'failed', 'Patch deployment failed due to dependency conflict; rescheduled.'),
(126, 11, 46, '2026-07-15 10:43:00', 'failed', 'Patch deployment failed due to dependency conflict; rescheduled.'),
(127, 55, 49, '2026-07-17 11:22:00', 'successful', 'Patch applied and verified in follow-up scan.'),
(128, 41, 37, '2026-07-19 19:14:00', 'successful', 'Vulnerable package upgraded to the fixed release.'),
(129, 129, 47, '2026-07-28 21:52:00', 'in_progress', 'Remediation scheduled for next maintenance window.'),
(130, 17, 33, '2026-07-29 22:17:00', 'successful', 'Patch applied and verified in follow-up scan.');
